<?xml version="1.0" encoding="utf-8"?>
<extension version="2.5" type="plugin" group="finder" method="upgrade">
    <name>plg_finder_churchdirectory</name>
    <author>Church Directory</author>
    <creationDate>August 2011</creationDate>
    <copyright>(C) 2007 - 2011 Joomla Bible Study Team All rights reserved.</copyright>
    <license>GNU General Public License version 2 or later; see	LICENSE.txt</license>
    <authorEmail>info@joomlabiblestudy.org</authorEmail>
    <authorUrl>www.joomlabiblestudy.org</authorUrl>
    <version>1.7.1</version>
    <description>PLG_FINDER_CHURCHDIRECTORY_XML_DESCRIPTION</description>
    <scriptfile>script.php</scriptfile>
    <files>
        <file plugin="churchdirectory">churchdirectory.php</file>
        <folder>language</folder>
        <filename>index.html</filename>
    </files>
	<!-- UPDATESERVER DEFINITION -->
    <updateservers>
		<!-- Note: No spaces or linebreaks allowed between the server tags -->
        <server type="extension" priority="1" name="Joomla! ChurchDirectory Finder Plg"><![CDATA[http://www.joomlabiblestudy.org/index.php?option=com_ars&view=update&task=stream&format=xml&id=7&dummy=extension.xml]]>
        </server>
    </updateservers>
</extension>
