<?xml version="1.0" encoding="utf-8"?>
<extension version="2.5" type="plugin" group="finder" method="upgrade">
    <name>plg_finder_churchdirectory</name>
    <author>Church Directory</author>
    <creationDate>August 2011</creationDate>
    <copyright>(C) 2007 - 2011 Joomla Bible Study Team All rights reserved.</copyright>
    <license>GNU General Public License version 2 or later; see	LICENSE.txt</license>
    <authorEmail>info@joomlabiblestudy.org</authorEmail>
    <authorUrl>www.joomlabiblestudy.org</authorUrl>
    <version>1.7.0.a1</version>
    <description>PLG_FINDER_CHURCHDIRECTORY_XML_DESCRIPTION</description>
    <scriptfile>script.php</scriptfile>
    <files>
        <file plugin="churchdirectory">churchdirectory.php</file>
        <folder>language</folder>
        <filename>index.html</filename>
    </files>
    <languages>
        <language tag="en-GB">language/en-GB/en-GB.plg_finder_churchdirectory.ini</language>
        <language tag="en-GB">language/en-GB/en-GB.plg_finder_churchdirectory.sys.ini</language>
    </languages>
</extension>
