<?xml version="1.0" encoding="UTF-8" ?>
<extension type="package" version="2.5">
    <name>Package ChurchDirectory</name>
    <packagename>churchdirectory</packagename>
    <version>1.7.3</version>
    <description>Church Directory</description>
    <creationDate>March 17, 2012</creationDate>
    <copyright>(C) 2007-2011 Copyright Joomla Bible Study</copyright>
    <license>http://www.gnu.org/licenses/gpl-2.0.html GNU/GPL</license>
    <author>Joomla Bible Study Team</author>
    <authorEmail>info@joomlabiblesutdy.org</authorEmail>
    <authorUrl>http://www.joomlabiblestudy.org</authorUrl>
    <packager>Brent Cordis</packager>
    <packagerurl>http://www.joomlabiblestudy.org</packagerurl>
    <files folder="packages">
        <file type="component" id="com_churchdirectory">com_churchdirectory.zip</file>
        <file type="plugin" id="churchdirectorysearch" group="search">plg_churchdirectory_search.zip</file>
        <file type="plugin" id="churchdirectoryfinder" group="finder">plg_churchdirectory_finder.zip</file>
    </files>
</extension>